{"cameraMode":{"drawMode":0,"name":"Shaded","section":"Shading Mode"},"sceneLighting":true,"audioPlay":false,"sceneViewState":{"showFog":true,"showMaterialUpdate":false,"showSkybox":true,"showFlares":true,"showImageEffects":true,"showParticleSystems":true},"in2DMode":false,"pivot":{"x":395.2841796875,"y":0.14644181728363038,"z":346.3447265625},"rotation":{"x":0.019620180130004884,"y":-0.9488039612770081,"z":0.06014888361096382,"w":0.3094741702079773},"size":1233.3233642578125,"orthographic":false}